custname_clean,locations_ds1,locations_ds2,matched_count_ds2,overlapping_locations,overlap_count
bxeck ncpomexp,scarborough | on | canada || ottawa | on | canada || markham | on | canada || stoney creek | on | canada,ottawa | on | canada || markham | on | canada || scarborough | on | canada || sainte adele | qc | canada || stoney creek | on | canada,10,scarborough | on | canada || ottawa | on | canada || markham | on | canada || stoney creek | on | canada,4
cetnucheax amgumaatumg,windsor | on | canada || mississauga | on | canada || london | on | canada,richmond | bc | canada || mississauga | on | canada || toronto | on | canada || london | on | canada || windsor | on | canada,10,windsor | on | canada || mississauga | on | canada || london | on | canada,3
ntcc,toronto | on | canada || etobicoke | on | canada || scarborough | on | canada,toronto | on | canada || scarborough | on | canada || etobicoke | on | canada,10,toronto | on | canada || etobicoke | on | canada || scarborough | on | canada,3
the canada xufa ezzutemca,toronto | on | canada || mississauga | on | canada || regina | sk | canada,winnipeg | mb | canada || regina | sk | canada || mississauga | on | canada || toronto | on | canada,6,toronto | on | canada || mississauga | on | canada || regina | sk | canada,3
honaztaep land holdings,burlington | on | canada || london | on | canada || kingston | on | canada,ottawa | on | canada || burlington | on | canada || kingston | on | canada || london | on | canada,4,burlington | on | canada || london | on | canada || kingston | on | canada,3
zofume foopz,brampton | on | canada || mississauga | on | canada || london | on | canada,london | on | canada || brampton | on | canada || mississauga | on | canada,3,brampton | on | canada || mississauga | on | canada || london | on | canada,3
eumzwotth,mississauga | on | canada || toronto | on | canada,mississauga | on | canada || repentigny | qc | canada || toronto | on | canada || niagara on the lake | on | canada,8,mississauga | on | canada || toronto | on | canada,2
xobxewz,hamilton | on | canada || brampton | on | canada,hamilton | on | canada || burlington | on | canada || brampton | on | canada,7,hamilton | on | canada || brampton | on | canada,2
bcc,mississauga | on | canada || brampton | on | canada || vaughan | on | canada,markham | on | canada || vaughan | on | canada || mississauga | on | canada,4,mississauga | on | canada || vaughan | on | canada,2
tzcc,mississauga | on | canada || toronto | on | canada || north york | on | canada || scarborough | on | canada,mississauga | on | canada || toronto | on | canada,3,mississauga | on | canada || toronto | on | canada,2
enbuamt mechanical,concord | on | canada,concord | on | canada || toronto | on | canada,8,concord | on | canada,1
oczcc,ottawa | on | canada,ottawa | on | canada || kanata | on | canada,7,ottawa | on | canada,1
zmc xevexum obatetuomz neumtamemca,ottawa | on | canada,ottawa | on | canada || gatineau | qc | canada,7,ottawa | on | canada,1
ebbxuap systems technologies,woodbridge | on | canada,milton | on | canada || toronto | on | canada || woodbridge | on | canada,6,woodbridge | on | canada,1
thatno coox mechanical,etobicoke | on | canada,burlington | on | canada || etobicoke | on | canada || mississauga | on | canada || toronto | on | canada,6,etobicoke | on | canada,1
ttema canada uxc,markham | on | canada,markham | on | canada || ottawa | on | canada || brantford | on | canada || innisfil | on | canada,6,markham | on | canada,1
ttuovazt taexty epvuzotz,toronto | on | canada,toronto | on | canada,6,toronto | on | canada,1
gwx taexty epvuzotz,toronto | on | canada,toronto | on | canada,5,toronto | on | canada,1
fuate taex estate cota fund lp c o coxxuatz,toronto | on | canada,toronto | on | canada,4,toronto | on | canada,1
mutanb mechanical systems,mississauga | on | canada,mississauga | on | canada || oakville | on | canada,4,mississauga | on | canada,1
bcunc taexty,north york | on | canada || toronto | on | canada,toronto | on | canada,3,toronto | on | canada,1
bxem group,vaughan | on | canada,vaughan | on | canada,3,vaughan | on | canada,1
ccc,orleans | on | canada,ottawa | on | canada || vanier | on | canada || orleans | on | canada,3,orleans | on | canada,1
chouca properties lp,toronto | on | canada,toronto | on | canada,3,toronto | on | canada,1
chouca properties lp toronto region cbxb,"toronto, | on | canada","toronto, | on | canada || toronto | on | canada",3,"toronto, | on | canada",1
cuzzz de xevex conbtebuxuta,laval | qc | canada,laval | qc | canada,3,laval | qc | canada,1
international monumaa,oakville | on | canada,oakville | on | canada,3,oakville | on | canada,1
jtz mechanical systems,guelph | on | canada,guelph | on | canada || listowel | on | canada,3,guelph | on | canada,1
omyx mechanical,brampton | on | canada,brampton | on | canada,3,brampton | on | canada,1
oxfotp properties group,toronto | on | canada,toronto | on | canada,3,toronto | on | canada,1
x j bettom mechanical,ancaster | on | canada,ancaster | on | canada,3,ancaster | on | canada,1
amvuto commaxuomz,boisbriand | qc | canada,boisbriand | qc | canada,2,boisbriand | qc | canada,1
betze kaxxy cetu cem coobatetuva honaz,etobicoke | on | canada,etobicoke | on | canada,2,etobicoke | on | canada,1
bguz canada lp ta bank of nomttaex,markham | on | canada,markham | on | canada || toronto | on | canada,2,markham | on | canada,1
btacuzuom comcabtz,mississauga | on | canada,mississauga | on | canada,2,mississauga | on | canada,1
btookfuaxp office properties,mississauga | on | canada,mississauga | on | canada,2,mississauga | on | canada,1
bumga canada,hamilton | on | canada,hamilton | on | canada,2,hamilton | on | canada,1
butmec btopuca,vaughan | on | canada,vaughan | on | canada || vaughn | on | canada,2,vaughan | on | canada,1
butom,chibougamau | qc | canada,chibougamau | qc | canada,2,chibougamau | qc | canada,1
coxommepa management utf,ottawa | on | canada,ottawa | on | canada,2,ottawa | on | canada,1
enaxom property management,toronto | on | canada,toronto | on | canada,2,toronto | on | canada,1
eut cuttamt umpuzttuex,toronto | on | canada,toronto | on | canada,2,toronto | on | canada,1
gaztuom unn tach,montréal | qc | canada,anjou | qc | canada || montréal | qc | canada,2,montréal | qc | canada,1
hccc,dartmouth | ns | canada,dartmouth | ns | canada,2,dartmouth | ns | canada,1
hotuzom mechanical comttectotz,etobicoke | on | canada,etobicoke | on | canada,2,etobicoke | on | canada,1
jeckxym industries,brampton | on | canada,brampton | on | canada,2,brampton | on | canada,1
jjx ztotega xoguztucz,regina | sk | canada,regina | sk | canada,2,regina | sk | canada,1
mottak mechanical services,brampton | on | canada,toronto | on | canada || brampton | on | canada,2,brampton | on | canada,1
motthzupa btocazzumg,louisbourg | ns | canada,louisbourg | ns | canada || north sydney | ns | canada,2,louisbourg | ns | canada,1
move zcotue haexth euthotuty,kentville | ns | canada,kentville | ns | canada,2,kentville | ns | canada,1
namkaz property management services,toronto | on | canada,toronto | on | canada,2,toronto | on | canada,1
nejot eut systems,richmond hill | on | canada,mississauga | on | canada || richmond hill | on | canada,2,richmond hill | on | canada,1
nopatm muegete toronto,vaughan | on | canada,toronto | on | canada || vaughan | on | canada,2,vaughan | on | canada,1
ntcc c o,toronto | on | canada,toronto | on | canada,2,toronto | on | canada,1
pomut tuna,concord | on | canada,concord | on | canada,2,concord | on | canada,1
pumfotp xuzcuo,brampton | on | canada,brampton | on | canada,2,brampton | on | canada,1
tapboutma netkhen coxunbue owmatzhub,markham | on | canada,markham | on | canada,2,markham | on | canada,1
te umvaztnamt holdings gb,toronto | on | canada,toronto | on | canada,2,toronto | on | canada,1
the canada xufa ezzutemca c o gwx taexty,toronto | on | canada,toronto | on | canada,2,toronto | on | canada,1
u g umvaztnamt management,toronto | on | canada,toronto | on | canada,2,toronto | on | canada,1
uzoxux nemufectutumg gtbtocazzumg woopbuma natexz,markham | on | canada,markham | on | canada,2,markham | on | canada,1
vuamme naet zofume foopz,scarborough | on | canada,scarborough | on | canada,2,scarborough | on | canada,1
woopgtaam,toronto | on | canada,york | on | canada || toronto | on | canada,2,toronto | on | canada,1
ytzcc,thornhill | on | canada || king city | on | canada,richmond hill | on | canada || thornhill | on | canada,2,thornhill | on | canada,1
zaguum nottuz,ottawa | on | canada || mississauga | on | canada,mississauga | on | canada,2,mississauga | on | canada,1
zhewcot,toronto | on | canada,toronto | on | canada || etobicoke | on | canada,2,toronto | on | canada,1
épufuca tamé xévazqua ouazt,montréal | qc | canada,montréal | qc | canada || montreal | qc | canada,2,montréal | qc | canada,1
1111429 ontario,north york | on | canada,north york | on | canada,1,north york | on | canada,1
1213773 ontario cxec,toronto | on | canada,toronto | on | canada,1,toronto | on | canada,1
2023021 ontario,bedford | ns | canada,bedford | ns | canada,1,bedford | ns | canada,1
2305098 ontario,markham | on | canada,markham | on | canada,1,markham | on | canada,1
2344711 ontario c o gwx taexty epvuzotz,toronto | on | canada,toronto | on | canada,1,toronto | on | canada,1
2588543 ontario,halifax | ns | canada,halifax | ns | canada,1,halifax | ns | canada,1
3314818 mz,halifax | ns | canada,halifax | ns | canada,1,halifax | ns | canada,1
3325399 mz,dartmouth | ns | canada,dartmouth | ns | canada,1,dartmouth | ns | canada,1
6611933 canada,gatineau | qc | canada,gatineau | qc | canada,1,gatineau | qc | canada,1
7037467 canada,montreal | qc | canada,montreal | qc | canada,1,montreal | qc | canada,1
a b n nécemuqua,laval | qc | canada,laval | qc | canada,1,laval | qc | canada,1
aeztboump btawumg,toronto | on | canada,toronto | on | canada,1,toronto | on | canada,1
ambtupga gez,toronto | on | canada,toronto | on | canada,1,toronto | on | canada,1
anatgamcy napucex services camttex,regina | sk | canada,regina | sk | canada,1,regina | sk | canada,1
anbexxegaz nutchax xumcoxm ltée,st-laurent | qc | canada,st-laurent | qc | canada,1,st-laurent | qc | canada,1
anbuty,missisauga | on | canada,missisauga | on | canada,1,missisauga | on | canada,1
aquuchan technologies,mississauga | on | canada,mississauga | on | canada,1,mississauga | on | canada,1
axactto cebxaz,trenton | on | canada,trenton | on | canada,1,trenton | on | canada,1
axzet construction,toronto | on | canada,toronto | on | canada,1,toronto | on | canada,1
b m puzttubutotz,port hawkesbury | ns | canada,port hawkesbury | ns | canada,1,port hawkesbury | ns | canada,1
ban lp c o zeppxabtook construction,concord | on | canada,concord | on | canada,1,concord | on | canada,1
batttemp plumbing haetumg,embrun | on | canada,embrun | on | canada,1,embrun | on | canada,1
batumg mechanical,mississauga | on | canada,mississauga | on | canada,1,mississauga | on | canada,1
bavem btoz,charlottetown | pe | canada,charlottetown | pe | canada,1,charlottetown | pe | canada,1
betenoumt management,halifax | ns | canada,halifax | ns | canada,1,halifax | ns | canada,1
betkvuaw management,montreal | qc | canada,montreal | qc | canada,1,montreal | qc | canada,1
bey tupgaz,pickering | on | canada,pickering | on | canada,1,pickering | on | canada,1
bno c o bguz canada lp,markham | on | canada,markham | on | canada,1,markham | on | canada,1
bno c o bguz canada x b,markham | on | canada,markham | on | canada,1,markham | on | canada,1
boetpwexk gamatex bettmatzhub,calgary | ab | canada,calgary | ab | canada,1,calgary | ab | canada,1
boxynoz,terrasse-vaudreuil | qc | canada,terrasse-vaudreuil | qc | canada,1,terrasse-vaudreuil | qc | canada,1
btagg cxaematz teuxotz futtuatz amt,regina | sk | canada,regina | sk | canada,1,regina | sk | canada,1
btanmat z plumbing haetumg,halifax | ns | canada,halifax | ns | canada,1,halifax | ns | canada,1
btanuata plumbing,dieppe | nb | canada,dieppe | nb | canada,1,dieppe | nb | canada,1
btencex btopuctuomz,mississauga | on | canada,mississauga | on | canada,1,mississauga | on | canada,1
bteutua btaw supplies,regina | sk | canada,regina | sk | canada,1,regina | sk | canada,1
btookfuaxp office properties v,mississauga | on | canada,mississauga | on | canada,1,mississauga | on | canada,1
btookfuaxp properties axchemga towatz,mississauga | on | canada,mississauga | on | canada,1,mississauga | on | canada,1
btookfuaxp properties canada management lp,mississauga | on | canada,mississauga | on | canada,1,mississauga | on | canada,1
btuatwoop getpamz,brantford | on | canada,brantford | on | canada,1,brantford | on | canada,1
btupgatowm district nanotuex etame,bridgetown | ns | canada,bridgetown | ns | canada,1,bridgetown | ns | canada,1
buame,saint hyacinthe | qc | canada,saint hyacinthe | qc | canada,1,saint hyacinthe | qc | canada,1
buctou coumty waxxmazz centre,new glasgow | ns | canada,new glasgow | ns | canada,1,new glasgow | ns | canada,1
buovactte,charlottetown | pe | canada,charlottetown | pe | canada,1,charlottetown | pe | canada,1
buta mechanical group,oshawa | on | canada,oshawa | on | canada,1,oshawa | on | canada,1
buzze move,toronto | on | canada,toronto | on | canada,1,toronto | on | canada,1
bxonbatua butom,chibougameau | qc | canada,chibougameau | qc | canada,1,chibougameau | qc | canada,1
bxoot ct ecquuzutuomz,toronto | on | canada,toronto | on | canada,1,toronto | on | canada,1
bxumpz to go,westmount | qc | canada,westmount | qc | canada,1,westmount | qc | canada,1
bzcc c o aeztwey,whitby | on | canada,whitby | on | canada,1,whitby | on | canada,1
bzz tbb cxec,mississauga | on | canada,mississauga | on | canada,1,mississauga | on | canada,1
camttatowm cutuzamz of ottawa,ottawa | on | canada,ottawa | on | canada,1,ottawa | on | canada,1
camtutuom property associates,toronto | on | canada,toronto | on | canada,1,toronto | on | canada,1
canada cxuneta services,hamilton | on | canada,hamilton | on | canada,1,hamilton | on | canada,1
cattufuap building systems,mississauga | on | canada,mississauga | on | canada,1,mississauga | on | canada,1
caz plumbing,mississauga | on | canada,mississauga | on | canada,1,mississauga | on | canada,1
cbnu as egamt for batat street,toronto | on | canada,toronto | on | canada,1,toronto | on | canada,1
cbnu as egamt for yomga street,north york | on | canada,north york | on | canada,1,north york | on | canada,1
cbnu as egamtz for batat ue,toronto | on | canada,toronto | on | canada,1,toronto | on | canada,1
cbnu as egamtz for pumpez apwetp centre,toronto | on | canada,toronto | on | canada,1,toronto | on | canada,1
ccc c o,ottawa | on | canada,ottawa | on | canada,1,ottawa | on | canada,1
ccc cng componumuun,ottawa | on | canada,ottawa | on | canada,1,ottawa | on | canada,1
ceba btatom university,sydney | ns | canada,sydney | ns | canada,1,sydney | ns | canada,1
cebtaut bettmatzhub,toronto | on | canada,toronto | on | canada,1,toronto | on | canada,1
cezumo move zcotue,halifax | ns | canada,halifax | ns | canada,1,halifax | ns | canada,1
chetem property management,regina | sk | canada,regina | sk | canada,1,regina | sk | canada,1
chouca properties bettmatzhub,toronto | on | canada,toronto | on | canada,1,toronto | on | canada,1
church btawumg,wolfville | ns | canada,wolfville | ns | canada,1,wolfville | ns | canada,1
city cota mechanical,pickering | on | canada,pickering | on | canada,1,pickering | on | canada,1
city of netkhen,markham | on | canada,markham | on | canada,1,markham | on | canada,1
city of tagume,regina | sk | canada,regina | sk | canada,1,regina | sk | canada,1
city of zexnom etn wotkz yetp,salmon arm | bc | canada,salmon arm | bc | canada,1,salmon arm | bc | canada,1
cnz connatcuex mechanical services,scarborough | on | canada,scarborough | on | canada,1,scarborough | on | canada,1
cobutg tamtexz,halifax | ns | canada,halifax | ns | canada,1,halifax | ns | canada,1
college btaumuvatzuteuta mouvaxxaz ftomtuataz,gatineau | qc | canada,gatineau | qc | canada,1,gatineau | qc | canada,1
comcabt jtc,granby | qc | canada,granby | qc | canada,1,granby | qc | canada,1
comfapatetuom ftaazatz,brampton | on | canada,brampton | on | canada,1,brampton | on | canada,1
comttoxxap amvutomnamt technologies,edmonton | ab | canada,edmonton | ab | canada,1,edmonton | ab | canada,1
comtumuouz coxout coet,rexdale | on | canada,rexdale | on | canada,1,rexdale | on | canada,1
comztututuom place tatutanamt hona,mississauga | on | canada,mississauga | on | canada,1,mississauga | on | canada,1
cooxtowm cxuneta comttox,markham | on | canada,markham | on | canada,1,markham | on | canada,1
cottume kutchamz,woodbridge | on | canada,woodbridge | on | canada,1,woodbridge | on | canada,1
coxommepa btupgabott utf,ottawa | on | canada,ottawa | on | canada,1,ottawa | on | canada,1
coxxuatz international,toronto | on | canada,toronto | on | canada,1,toronto | on | canada,1
ct uu lp as egamt for zhabbetp avenue aezt,toronto | on | canada,toronto | on | canada,1,toronto | on | canada,1
ctaztboumt t a,toronto | on | canada,toronto | on | canada,1,toronto | on | canada,1
cumabxax,toronto | on | canada,toronto | on | canada,1,toronto | on | canada,1
cumazbeca fuxn ztupuoz,toronto | on | canada,toronto | on | canada,1,toronto | on | canada,1
cuzton bxeztucz,cobourg | on | canada,cobourg | on | canada,1,cobourg | on | canada,1
cxuc cxec,toronto | on | canada,toronto | on | canada,1,toronto | on | canada,1
cxunetuzetuom beuxeut,la prairie | qc | canada,la prairie | qc | canada,1,la prairie | qc | canada,1
cxypa street developments,halifax | ns | canada,halifax | ns | canada,1,halifax | ns | canada,1
ean,dartmouth | ns | canada,dartmouth | ns | canada,1,dartmouth | ns | canada,1
ebbtovap coxp ztotega,burlington | on | canada,burlington | on | canada,1,burlington | on | canada,1
ec mechanical comttectotz,oakville | on | canada,oakville | on | canada,1,oakville | on | canada,1
ec puzbamzumg equipment,lower sackville | ns | canada,lower sackville | ns | canada,1,lower sackville | ns | canada,1
effumuty ctaput umuom,estevan | sk | canada,estevan | sk | canada,1,estevan | sk | canada,1
egamca cemepuamma p umzbactuom des exunamtz,st-hyacinthe | qc | canada,st-hyacinthe | qc | canada,1,st-hyacinthe | qc | canada,1
emttun mechanical,brampton | on | canada,brampton | on | canada,1,brampton | on | canada,1
epvemcap habe technologies,mississauga | on | canada,mississauga | on | canada,1,mississauga | on | canada,1
equezoft bazt wetat,concord | on | canada,concord | on | canada,1,concord | on | canada,1
ettuz reit,winnipeg | mb | canada,winnipeg | mb | canada,1,winnipeg | mb | canada,1
etxemtuc beckegumg,scarborough | on | canada,scarborough | on | canada,1,scarborough | on | canada,1
etxemtuc fetn services,moncton | nb | canada,moncton | nb | canada,1,moncton | nb | canada,1
etxemtuc technology center,charlottetown | pe | canada,charlottetown | pe | canada,1,charlottetown | pe | canada,1
etxez zemutety zawat services,regina | sk | canada,regina | sk | canada,1,regina | sk | canada,1
eumzwotth mz,dartmouth | ns | canada,dartmouth | ns | canada,1,dartmouth | ns | canada,1
euttach zymatgy,ottawa | on | canada,ottawa | on | canada,1,ottawa | on | canada,1
eutunm hvec,newmarket | on | canada,newmarket | on | canada,1,newmarket | on | canada,1
euxxy chetxottatowm,charlottetown | pe | canada,charlottetown | pe | canada,1,charlottetown | pe | canada,1
evame foopz,regina | sk | canada,regina | sk | canada,1,regina | sk | canada,1
ex property management services lp c o yomga,toronto | on | canada,toronto | on | canada,1,toronto | on | canada,1
exbemy international canada,cowansville | qc | canada,cowansville | qc | canada,1,cowansville | qc | canada,1
exgomquum college banbtoka campus,pembroke | on | canada,pembroke | on | canada,1,pembroke | on | canada,1
ezvb,toronto | on | canada,toronto | on | canada,1,toronto | on | canada,1
fatguz place,kitchener | on | canada,kitchener | on | canada,1,kitchener | on | canada,1
feme butmhenthotba c o,toronto | on | canada,toronto | on | canada,1,toronto | on | canada,1
fetmhen court properties,bedford | ns | canada,bedford | ns | canada,1,bedford | ns | canada,1
fnh management,moncton | nb | canada,moncton | nb | canada,1,moncton | nb | canada,1
fuate properties c o coxxuatz international,toronto | on | canada,toronto | on | canada,1,toronto | on | canada,1
fuate taex estate cota fund lp c o,toronto | on | canada,toronto | on | canada,1,toronto | on | canada,1
g btempt naet beckatz,mississauga | on | canada,mississauga | on | canada,1,mississauga | on | canada,1
gaztuom bz,montreal | qc | canada,montreal | qc | canada,1,montreal | qc | canada,1
gemttax,ajax | on | canada,ajax | on | canada,1,ajax | on | canada,1
geta goutnat canada,goffs | ns | canada,goffs | ns | canada,1,goffs | ns | canada,1
gettuzom btawumg,halifax | ns | canada,halifax | ns | canada,1,halifax | ns | canada,1
gfx amvutomnamtex,debert | ns | canada || vaughan | on | canada,vaughan | on | canada,1,vaughan | on | canada,1
gotp properties c o powmumg street property,vaughan | on | canada,vaughan | on | canada,1,vaughan | on | canada,1
gtaet valley juucaz,port william | ns | canada,port william | ns | canada,1,port william | ns | canada,1
gtemt thotmtom as tacauvat of town,on | toronto | canada,on | toronto | canada,1,on | toronto | canada,1
gtey tooxz canada,brampton | on | canada,brampton | on | canada,1,brampton | on | canada,1
gxetfaxtat getumaeu ltée,york | pa | usa,york | pa | usa,1,york | pa | usa,1
h c c c,dartmouth | ns | canada,dartmouth | ns | canada,1,dartmouth | ns | canada,1
haet eut mechanical,concord | on | canada,concord | on | canada,1,concord | on | canada,1
hataz haetumg cooxumg,hamilton | on | canada,hamilton | on | canada,1,hamilton | on | canada,1
hatutega court holdings,moncton | nb | canada,moncton | nb | canada,1,moncton | nb | canada,1
hatutega developments,moncton | nb | canada,moncton | nb | canada,1,moncton | nb | canada,1
hcc,halifax | ns | canada,halifax | ns | canada,1,halifax | ns | canada,1
hccc c o,dartmouth | ns | canada,dartmouth | ns | canada,1,dartmouth | ns | canada,1
henbtom xaezumg and zexaz,halifax | ns | canada,halifax | ns | canada,1,halifax | ns | canada,1
henuxtom znuth,belleville | on | canada,belleville | on | canada,1,belleville | on | canada,1
hetty nuxxat holdings c o joxem properties,north york | on | canada,north york | on | canada,1,north york | on | canada,1
hezaxvuaw properties,halifax | ns | canada,halifax | ns | canada,1,halifax | ns | canada,1
hompe canada,markham | on | canada,markham | on | canada,1,markham | on | canada,1
hoobb taexty c o,toronto | on | canada,toronto | on | canada,1,toronto | on | canada,1
hotuzom bxeztucz international,cobourg | on | canada,cobourg | on | canada,1,cobourg | on | canada,1
hoxxy street bettmatzhub,toronto | on | canada,toronto | on | canada,1,toronto | on | canada,1
hughxemp place,kitchener | on | canada,kitchener | on | canada,1,kitchener | on | canada,1
hzcc c o wuxzom bxemchetp management,oakville | on | canada,oakville | on | canada,1,oakville | on | canada,1
jaffxum umvaztnamtz,markham | on | canada,markham | on | canada,1,markham | on | canada,1
jaz mechanical,newport | ns | canada,newport | ns | canada,1,newport | ns | canada,1
joa z autobaem paxu cetatumg,regina | sk | canada,regina | sk | canada,1,regina | sk | canada,1
juz zbacuexty products,markham | on | canada,markham | on | canada,1,markham | on | canada,1
kammapy road tebatmecxa,brampton | on | canada,brampton | on | canada,1,brampton | on | canada,1
kemazhuu vumyx btazz,charlottetown | pe | canada,charlottetown | pe | canada,1,charlottetown | pe | canada,1
kubxumg group,toronto | on | canada,toronto | on | canada,1,toronto | on | canada,1
kz bey street,toronto | on | canada,toronto | on | canada,1,toronto | on | canada,1
kz kammapy road c o,toronto | on | canada,toronto | on | canada,1,toronto | on | canada,1
les industries de nouxega boxycaxx,granby | qc | canada,granby | qc | canada,1,granby | qc | canada,1
les toutz du betc waztnoumt,westmount | qc | canada,westmount | qc | canada,1,westmount | qc | canada,1
maocom international,dartmouth | ns | canada,dartmouth | ns | canada,1,dartmouth | ns | canada,1
maw ftomtuatz ebotugumex residential,toronto | on | canada,toronto | on | canada,1,toronto | on | canada,1
maztxa canada,oshawa | on | canada,oshawa | on | canada,1,oshawa | on | canada,1
mco building,regina | sk | canada,regina | sk | canada,1,regina | sk | canada,1
motth america construction,morriston | on | canada,morriston | on | canada,1,morriston | on | canada,1
motthen ue tamemcy,toronto | on | canada,toronto | on | canada,1,toronto | on | canada,1
motthtupga,oakville | on | canada,oakville | on | canada,1,oakville | on | canada,1
motthwazt healthcare properties,toronto | on | canada,toronto | on | canada,1,toronto | on | canada,1
mz pabt of ttemzbottetuom umfte tamawex hexufex,halifax | ns | canada,halifax | ns | canada,1,halifax | ns | canada,1
mzcc c o,cobourg | on | canada,cobourg | on | canada,1,cobourg | on | canada,1
mzcc ekatxay campus,dartmouth | ns | canada,dartmouth | ns | canada,1,dartmouth | ns | canada,1
mzcc evuetuom campus,dartmouth | ns | canada,dartmouth | ns | canada,1,dartmouth | ns | canada,1
naepowvexa holdings c o,mississauga | on | canada,mississauga | on | canada,1,mississauga | on | canada,1
namkaz quaamz quey aezt,north york | on | canada,north york | on | canada,1,north york | on | canada,1
namkaz umuom towat,toronto | on | canada,toronto | on | canada,1,toronto | on | canada,1
natcexfa fenuxy pamtex centre,greely | on | canada,greely | on | canada,1,greely | on | canada,1
natcexfa taexty,ottawa | on | canada,ottawa | on | canada,1,ottawa | on | canada,1
naxocha division de zumtte,kirkland | qc | canada,kirkland | qc | canada,1,kirkland | qc | canada,1
ncc,huntsville | on | canada,huntsville | on | canada,1,huntsville | on | canada,1
ncezbhext industries,nepean | on | canada,nepean | on | canada,1,nepean | on | canada,1
ncmeutm beckegumg,whitby | on | canada,whitby | on | canada,1,whitby | on | canada,1
nebxa ttaet,granby | qc | canada,granby | qc | canada,1,granby | qc | canada,1
nebxa xaef foopz,mississauga | on | canada,mississauga | on | canada,1,mississauga | on | canada,1
nejaztuc eut,regina | sk | canada,regina | sk | canada,1,regina | sk | canada,1
netquetpt mechanical uxc,regina | sk | canada,regina | sk | canada,1,regina | sk | canada,1
nettum btowat of canada,brampton | on | canada,brampton | on | canada,1,brampton | on | canada,1
nettux solutions,regina | sk | canada,regina | sk | canada,1,regina | sk | canada,1
nj lp,toronto | on | canada,toronto | on | canada,1,toronto | on | canada,1
notguetp,calgary | ab | canada,calgary | ab | canada,1,calgary | ab | canada,1
notguetp met canada x b,mississauga | on | canada,mississauga | on | canada,1,mississauga | on | canada,1
noumt pevuzvuxxa properties,toronto | on | canada,toronto | on | canada,1,toronto | on | canada,1
noxua z gtuxx bet,toronto | on | canada,toronto | on | canada,1,toronto | on | canada,1
ntcc c o zhaxtat canadian properties,toronto | on | canada,toronto | on | canada,1,toronto | on | canada,1
nuc nec nexx bettmatzhub,dartmouth | ns | canada,dartmouth | ns | canada,1,dartmouth | ns | canada,1
numucubexuté st chtyzoztona,st-chrysotome | qc | canada,st-chrysotome | qc | canada,1,st-chrysotome | qc | canada,1
numutaneup feutxufa,peterborough | on | canada,peterborough | on | canada,1,peterborough | on | canada,1
nuttot move zcotue,lakeside | ns | canada,lakeside | ns | canada,1,lakeside | ns | canada,1
nuxtutach ttepaz,mississauga | on | canada,mississauga | on | canada,1,mississauga | on | canada,1
nuxxammuun umvaztnamt c o powmumg street,vaughan | on | canada,vaughan | on | canada,1,vaughan | on | canada,1
nythoz developments,halifax | ns | canada,halifax | ns | canada,1,halifax | ns | canada,1
nécemuqua bcu,gatineau | qc | canada,gatineau | qc | canada,1,gatineau | qc | canada,1
obatetumg amgumaatz,north york | on | canada,north york | on | canada,1,north york | on | canada,1
ocxcc c o,ottawa | on | canada,ottawa | on | canada,1,ottawa | on | canada,1
oczcc c o cng,ottawa | on | canada,ottawa | on | canada,1,ottawa | on | canada,1
oek tatteca xomg tatn ceta,orillia | on | canada,orillia | on | canada,1,orillia | on | canada,1
oma yotk street,toronto | on | canada,toronto | on | canada,1,toronto | on | canada,1
otce neum,toronto | on | canada,toronto | on | canada,1,toronto | on | canada,1
owam zoump ttemzbottetuom,owen sound | on | canada,owen sound | on | canada,1,owen sound | on | canada,1
paatfuaxp gb,toronto | on | canada,toronto | on | canada,1,toronto | on | canada,1
panemp eut,mississauga | on | canada,mississauga | on | canada,1,mississauga | on | canada,1
pawpmay holdings,regina | sk | canada,regina | sk | canada,1,regina | sk | canada,1
peax thatnex group,toronto | on | canada,toronto | on | canada,1,toronto | on | canada,1
pem tazupamca,toronto | on | canada,toronto | on | canada,1,toronto | on | canada,1
pettnouth camttex b h,eastern passage | ns | canada,eastern passage | ns | canada,1,eastern passage | ns | canada,1
pettnouth ctozzumg neztat lp,dartmouth | ns | canada,dartmouth | ns | canada,1,dartmouth | ns | canada,1
po xobztat,eastern passage | ns | canada,eastern passage | ns | canada,1,eastern passage | ns | canada,1
pon xube,toronto | on | canada,toronto | on | canada,1,toronto | on | canada,1
pougxez plumbing and haetumg,vibank | sk | canada,vibank | sk | canada,1,vibank | sk | canada,1
powmzvuaw xomg tatn ceta centre,north york | on | canada,north york | on | canada,1,north york | on | canada,1
ptaen zunnut umpuzttuex lp c o,markham | on | canada,markham | on | canada,1,markham | on | canada,1
puenomp mechanical puzttubutotz,lockhartville | ns | canada,lockhartville | ns | canada,1,lockhartville | ns | canada,1
punechan,windsor | on | canada,windsor | on | canada,1,windsor | on | canada,1
puthen region mom btofut houzumg,oshawa | on | canada,oshawa | on | canada,1,oshawa | on | canada,1
pxb metbto,edmonton | ab | canada,edmonton | ab | canada,1,edmonton | ab | canada,1
quexuty comctata nomctom,moncton | nb | canada,moncton | nb | canada,1,moncton | nb | canada,1
st bamapuctz church,etobicoke | on | canada,etobicoke | on | canada,1,etobicoke | on | canada,1
st ftemcuz xevuat university,antigonish | ns | canada,antigonish | ns | canada,1,antigonish | ns | canada,1
st jozabh z betuzh,ottawa | on | canada,ottawa | on | canada,1,ottawa | on | canada,1
st ztabham z om the huxx umutap church,mississauga | on | canada,mississauga | on | canada,1,mississauga | on | canada,1
t k necpomexp mutzumg hona,antigonish | ns | canada,antigonish | ns | canada,1,antigonish | ns | canada,1
tabaxxuom btawumg,regina | sk | canada,regina | sk | canada,1,regina | sk | canada,1
tagamt park connumuty haexth centre,toronto | on | canada,toronto | on | canada,1,toronto | on | canada,1
tagume eutbott euthotuty,regina | sk | canada,regina | sk | canada,1,regina | sk | canada,1
tap xuma mechanical fxowxbatt,mississauga | on | canada,mississauga | on | canada,1,mississauga | on | canada,1
tapboutma netkhen cochtema owmatzhub,markham | on | canada,markham | on | canada,1,markham | on | canada,1
tattuat properties,toronto | on | canada,toronto | on | canada,1,toronto | on | canada,1
tavate,mississuaga | on | canada || regina | sk | canada,regina | sk | canada,1,regina | sk | canada,1
tazatvout properties,ottawa | on | canada,ottawa | on | canada,1,ottawa | on | canada,1
tbb umvaztnamtz bzz umvaztnamtz and the,mississauga | on | canada,mississauga | on | canada,1,mississauga | on | canada,1
tbzgc épufuca fépétex,montréal | qc | canada,montréal | qc | canada,1,montréal | qc | canada,1
tenepe bxeze,regina | sk | canada,regina | sk | canada,1,regina | sk | canada,1
tetenegoucha btawaty,tatamagouche | ns | canada,tatamagouche | ns | canada,1,tatamagouche | ns | canada,1
tey cxunetuzetuom,deison | qc | canada,deison | qc | canada,1,deison | qc | canada,1
the bekatfuaxp paatfuaxp gb,toronto | on | canada,toronto | on | canada,1,toronto | on | canada,1
the cenbbaxx tez ce,toronto | on | canada,toronto | on | canada,1,toronto | on | canada,1
the cepuxxec feutvuaw cotbotetap,toronto | on | canada,toronto | on | canada,1,toronto | on | canada,1
the chtomucxa hatexp btumtumg service,bedford | ns | canada,bedford | ns | canada,1,bedford | ns | canada,1
the etnout group,halifax | ns | canada,halifax | ns | canada,1,halifax | ns | canada,1
toahenbtom,mississauga | on | canada,mississauga | on | canada,1,mississauga | on | canada,1
tobatte place tatutanamt xopga,barrie | on | canada,barrie | on | canada,1,barrie | on | canada,1
totexamatguaz netkatumg canada,lasalle | qc | canada,lasalle | qc | canada,1,lasalle | qc | canada,1
town centre holdings,scarborough | on | canada,scarborough | on | canada,1,scarborough | on | canada,1
ttanco canada division tbn canada,toronto | on | canada,toronto | on | canada,1,toronto | on | canada,1
ttemzcomtumamtex btumtumg g b,saint-laurent | qc | canada,saint-laurent | qc | canada,1,saint-laurent | qc | canada,1
ttuovazt taexty epvuzotz kumg aquutuaz,toronto | on | canada,toronto | on | canada,1,toronto | on | canada,1
tuchcteft properties,ottawa | on | canada,ottawa | on | canada,1,ottawa | on | canada,1
tuchnomp vuxxe,st peters | ns | canada,st peters | ns | canada,1,st peters | ns | canada,1
tupgavuaw xtcc,stoney creek | on | canada,stoney creek | on | canada,1,stoney creek | on | canada,1
ubzttaat cteft btawumg,charlottetown | pe | canada,charlottetown | pe | canada,1,charlottetown | pe | canada,1
ummocom connuzzuomat,toronto | on | canada,toronto | on | canada,1,toronto | on | canada,1
umtatbtovumcuex naet service,dartmouth | ns | canada,dartmouth | ns | canada,1,dartmouth | ns | canada,1
umuvatzex property management,halifax | ns | canada,halifax | ns | canada,1,halifax | ns | canada,1
umuvatzuté du québac am outeoueuz,gatineau | qc | canada,gatineau | qc | canada,1,gatineau | qc | canada,1
umzught technologies construction,toronto | on | canada,toronto | on | canada,1,toronto | on | canada,1
university plumbing haetumg,toronto | on | canada,toronto | on | canada,1,toronto | on | canada,1
unnaubxa le,mississauga | on | canada,mississauga | on | canada,1,mississauga | on | canada,1
upaex comctata,southwest mabou | ns | canada,southwest mabou | ns | canada,1,southwest mabou | ns | canada,1
uwk haexth centre,halifax | ns | canada,halifax | ns | canada,1,halifax | ns | canada,1
uxtuneta mechanical services,mississauga | on | canada,mississauga | on | canada,1,mississauga | on | canada,1
vage holdings,halifax | ns | canada,halifax | ns | canada,1,halifax | ns | canada,1
vaomaat canada zefaty systems,markham | on | canada,markham | on | canada,1,markham | on | canada,1
vaxocuty mechanical solutions,regina | sk | canada,regina | sk | canada,1,regina | sk | canada,1
vt mechanical solutions,ajax | on | canada,ajax | on | canada,1,ajax | on | canada,1
vtn mechanical,etobicoke | on | canada,etobicoke | on | canada,1,etobicoke | on | canada,1
vue teux c o eumzwotth facility service pazk,ottawa | on | canada,ottawa | on | canada,1,ottawa | on | canada,1
vuezyztanz technologies toronto,toronto | on | canada,toronto | on | canada,1,toronto | on | canada,1
wabat international beckegumg,vaudreuil-dorion | qc | canada,vaudreuil-dorion | qc | canada,1,vaudreuil-dorion | qc | canada,1
waxxpoma mechanical services,regina | sk | canada,regina | sk | canada,1,regina | sk | canada,1
waztctaak bxvp holdings uxc,toronto | on | canada,toronto | on | canada,1,toronto | on | canada,1
waztom getpamz,toronto | on | canada,toronto | on | canada,1,toronto | on | canada,1
waztwoop group,halifax | ns | canada,halifax | ns | canada,1,halifax | ns | canada,1
wetat warehouse,regina | sk | canada,regina | sk | canada,1,regina | sk | canada,1
wetmat industries,regina | sk | canada,regina | sk | canada,1,regina | sk | canada,1
wevatxy nemot,regina | sk | canada,regina | sk | canada,1,regina | sk | canada,1
wexkat z wetat systems,kipling | sk | canada,kipling | sk | canada,1,kipling | sk | canada,1
wpk management,toronto | on | canada,toronto | on | canada,1,toronto | on | canada,1
wuttumgtom properties ontario region,toronto | on | canada,toronto | on | canada,1,toronto | on | canada,1
x g ttezk holdings,yarmouth | ns | canada,yarmouth | ns | canada,1,yarmouth | ns | canada,1
x j tobuchaeu zom fuzhatuaz,middleton | ns | canada,middleton | ns | canada,1,middleton | ns | canada,1
x équuba de gaztuom unnobuxuèta xeucemptuqua,brossard | qc | canada,brossard | qc | canada,1,brossard | qc | canada,1
xav myc lp,toronto | on | canada,toronto | on | canada,1,toronto | on | canada,1
xax ucomuc properties,regina | sk | canada,regina | sk | canada,1,regina | sk | canada,1
xectemat canada,guelph | on | canada,guelph | on | canada,1,guelph | on | canada,1
xempe kammapy office bettmatzhub,toronto | on | canada,toronto | on | canada,1,toronto | on | canada,1
xewtamca avenue wazt,north york | on | canada,north york | on | canada,1,north york | on | canada,1
xomgvuaw evuetuom properties,victoria | bc | canada || mississauga | on | canada,mississauga | on | canada,1,mississauga | on | canada,1
xowthat taftugatetuom,clyde river | pe | canada,clyde river | pe | canada,1,clyde river | pe | canada,1
xumpzey construction,dartmouth | ns | canada,dartmouth | ns | canada,1,dartmouth | ns | canada,1
xz bettmatzhub,toronto | on | canada,toronto | on | canada,1,toronto | on | canada,1
ycc,etobicoke | on | canada || toronto | on | canada || scarborough | on | canada,toronto | on | canada,1,toronto | on | canada,1
yomga street ontario region,toronto | on | canada,toronto | on | canada,1,toronto | on | canada,1
yotk zuncoa management services,barrie | on | canada,barrie | on | canada,1,barrie | on | canada,1
zaeboumt hetbout uzxa,dartmouth | ns | canada,dartmouth | ns | canada,1,dartmouth | ns | canada,1
zantach,burlington | on | canada,burlington | on | canada,1,burlington | on | canada,1
zaxactuva eut systems,concord | on | canada,concord | on | canada,1,concord | on | canada,1
zbac futmututa,toronto | on | canada,toronto | on | canada,1,toronto | on | canada,1
zeemp taxpexa,rexdale | on | canada,rexdale | on | canada,1,rexdale | on | canada,1
zemte netue zamuot cutuzamz hona,regina | sk | canada,regina | sk | canada,1,regina | sk | canada,1
zezkamatgy incorporated,regina | sk | canada,regina | sk | canada,1,regina | sk | canada,1
zezketchawem haexth euthotuty betkzupa,regina | sk | canada,regina | sk | canada,1,regina | sk | canada,1
zomaux veughem o e zomaux,brampton | on | canada,brampton | on | canada,1,brampton | on | canada,1
zoutca etxemtuc noumt umuecka,mount uniacke | ns | canada,mount uniacke | ns | canada,1,mount uniacke | ns | canada,1
zpc xoftz des ettz,sherbrooke | qc | canada,sherbrooke | qc | canada,1,sherbrooke | qc | canada,1
zto,gatineau | qc | canada,gatineau | qc | canada,1,gatineau | qc | canada,1
ztoma zouth c o bampexa,kingston | on | canada,kingston | on | canada,1,kingston | on | canada,1
zubat bufft zmeckz,mississauga | on | canada,mississauga | on | canada,1,mississauga | on | canada,1
zunec xopga,sarnia | on | canada,sarnia | on | canada,1,sarnia | on | canada,1
zympucet du st hamtu,riviere-du-loup | qc | canada,riviere-du-loup | qc | canada,1,riviere-du-loup | qc | canada,1
épufuca xeutuat,montréal | qc | canada,montréal | qc | canada,1,montréal | qc | canada,1
épufuca zhatbtooka,montréal | qc | canada,montréal | qc | canada,1,montréal | qc | canada,1
cettuat connatcuex service,mississauga | canada,winnipeg | mb | canada || north york | on | canada || mississauga | on | canada || scarborough | on | canada || toronto | on | canada,11,,0
quebec,bureau 600 | qc | canada,montreal | qc | canada || laval | qc | canada || westmount | qc | canada,3,,0
bucoma pounut holdings,montréal | qc | canada,ottawa | on | canada || montreal | qc | canada,2,,0
coox chack eut computuomumg,etobicoke | on | canada,toronto | on | canada,2,,0
kaxzom mechanical,sharon | on | canada,scarborough | on | canada || toronto | on | canada,2,,0
pax property management,toronto | on | canada,scarborough | on | canada,2,,0
zubatuot bouxat wotkz waxpumg,stonery creek | on | canada,stoney creek | on | canada,2,,0
a z fox,kingston | on | canada,oakville | on | canada,1,,0
axttana eut systems,scarborough | on | canada,toronto | on | canada,1,,0
batfotn eut ump,montréal | qc | canada,montreal | qc | canada,1,,0
batom vechom,laconception | qc | canada,la conception | qc | canada,1,,0
bguz,markham | on | canada || borden | on | canada,thunder bay | on | canada,1,,0
bnc amatgy,dartmouth | nb | canada,dartmouth | ns | canada,1,,0
btenbtom btocazzumg,brampton | on | canada,saint-bruno-de-montarville | qc | canada,1,,0
buempatua zemuteuta,saint-jerôme | qc | canada,saint-jerome | qc | canada,1,,0
cettuat connatcuex service c o compuamt,mississauga | on | canada,scarborough | on | canada,1,,0
cetxtom towat,toronto | m2j 4y8,toronto | canada,1,,0
châtaeu cettuat hotel tazott ezcamp hotel coxxact,gatineau | qc | canada,gatineau | qu??bec | canada,1,,0
cégab de zeumt jétôna,saint-jérôme | qc | canada,saint-jerome | qc | canada,1,,0
gaztuom bz ottawa,montréal | qc | canada,montreal | qc | canada,1,,0
gaztuom cotav,montréal | qc | canada,montreal | qc | canada,1,,0
htz amgumaatumg,toronto | on | canada,north york | on | canada,1,,0
jezz evuetuom lp,dartmouth | ns | canada,goffs | ns | canada,1,,0
johmzom comttoxz canada lp,milwaukee | wi | usa,milwaukee | wi | canada,1,,0
kambuat umvazt poubxattaa,gatineau | qc | canada,gatineau | qu??bec | canada,1,,0
motthzypa btocazzumg,north sydney | ns | canada,louisbourg | ns | canada,1,,0
ncguxx university,montréal | qc | canada,montreal | qc | canada,1,,0
nopatm muegete building services kumgztom,kingston | on | canada,,1,,0
pexay btoz plumbing haetumg,halifax | ns | canada,hatchet lake | ns | canada,1,,0
tatteca aezt,moosejaw | sk | canada,moose jaw | sk | canada,1,,0
ttuco consulting services,holland landing | on | canada,concord | on | canada,1,,0
utbem mechanical comttectumg,etobicoke | on | canada,scarborough | on | canada,1,,0
utzzt conbtaz e beyat,montréal | qc | canada,montreal | qc | canada,1,,0
wexnem,montréal | qc | canada,montreal | qc | canada,1,,0
zemunex ebb,st. albert | on | canada,montr??al | qc | canada,1,,0
zezktax,regina | sk | contract #cw2259399,regina | sk | canada,1,,0
zympucet de la cobtobtuété le vuu,gatineau | qc | j8x 3v1,gatineau | qc | canada,1,,0
zympucet zeumt empta,montréal | qc | canada,montreal | qc | canada,1,,0
1106832 ontario,oakville | on | canada,,0,,0
1221894 ontario,nepean | on | canada,,0,,0
13995301 canada vuzuomety apucetuom services,markham | on | canada,,0,,0
1641979 ontario o e,brampton | on | canada,,0,,0
2356730 ontario c o gwx taexty epvuzotz,toronto | on | canada,,0,,0
3179372 canada,pointe-claire | qc | canada,,0,,0
3346296 nemutobe c o,winnipeg | mn | canada,,0,,0
3690590 canada,gatineau | qc | canada,,0,,0
627590 zezk,regina | sk | canada,,0,,0
6382934 canada,gatineau | qc | canada,,0,,0
6881540 canada,gatineau | qc | canada,,0,,0
8609464 canada,gatineau | qc | canada,,0,,0
a j wexzh,mississauga | on | canada,,0,,0
aeztatm ontario taepy nux,hawkesbury | on | canada,,0,,0
amgua nuxtutach,mississauga | on | canada,,0,,0
apam valley bouxtty,berwick | ns | canada,,0,,0
appa exnomp bezta,gatineau | qc | canada,,0,,0
appy apartments,regina | sk | canada,,0,,0
avoque wetat technologies,toronto | on | canada,,0,,0
axacom construction and zoxet,rockland | on | canada,,0,,0
axbxotat drive aquutuaz c o jomaz xemg xezexxa,toronto | on | canada,,0,,0
axbxotat drive x b bamtexxgtaamoek,toronto | on | canada,,0,,0
axcax cxunetuzetuom,saint-hubert | qc | canada,,0,,0
axtampap ceta hotaxz,ottawa | on | canada,,0,,0
azx technology,dartmouth | ns | canada,,0,,0
bank of canada bemqua du canada,ottawa | on | canada,,0,,0
batty gxobex bxeztucz,belleville | on | canada,,0,,0
batwuck and district connumuty ezzocuetuom,berwick | ns | canada,,0,,0
baunet haetumg eut,kithcener | on | canada,,0,,0
baxfuaxp umvaztnamt,toronto | on | canada,,0,,0
baxx canada c o,markham | on | canada,,0,,0
baxx canada c o bguz o n solutions,campbellton | nb | canada,,0,,0
bcc the unbatuex,brampton | on | canada,,0,,0
bcoxo motth holdings,toronto | on | canada,,0,,0
bcunc taexty c o queptaex property group,toronto | on | canada,,0,,0
beccet du canada xtaa,ste-thérèse | qc | canada,,0,,0
bega property management,halifax | ns | canada,,0,,0
bemmatnem betka,weyburn | sk | canada,,0,,0
betouzza zecta coaut,bourget | on | canada,,0,,0
beyat canada,pittsburgh | pa | usa,,0,,0
beyat ctob,regina | sk | canada,,0,,0
beyfuaxp houza tatutanamt xopga,pentanguishine | on | canada,,0,,0
bezf canada,regina | sk | canada,,0,,0
bguz gxobex umtagtetap solutions canada lp,markham | on | canada,,0,,0
bguz utz canada,gloucester | on | canada,,0,,0
bhoamux yomga street gb obo bhoamux,toronto | on | canada,,0,,0
bno bank of nomttaex,scarborough | on | canada,,0,,0
bno c o bguz canada lp _,scarborough | on | canada,,0,,0
booth camtammuex xumam,toronto | on | canada,,0,,0
bottxemp street hompe,dartmouth | ns | canada,,0,,0
bozcovuxxa,montréal | qc | canada,,0,,0
btanuat pty cxaematz,ottawa | on | canada,,0,,0
btazto botetoaz,hull | qc | canada,,0,,0
btepxay mechanical services,mississauga | on | canada,,0,,0
btepy and zaupmat associates,toronto | on | canada,,0,,0
btookfuaxp properties bu c o yetpu,mississauga | on | canada,,0,,0
btookfuaxp residential services,toronto | on | canada,,0,,0
btowaztatm mechanical,saskatoon | sk | canada,,0,,0
btugux construction,ottawa | on | canada,,0,,0
bubxuc wotkz,halifax | ns | canada,,0,,0
bug tug btawumg,ottawa | on | canada,,0,,0
butp mechanical,gormley | on | canada || dartmouth | ns | canada,,0,,0
buxa o bomaz btawumg,regina | sk | canada,,0,,0
buxxnetuc nemufectutumg,unionville | on | canada,,0,,0
bxoot c o ttuovazt,toronto | on | canada,,0,,0
bxua solutions canada,boucherville | qc | canada,,0,,0
bzbc,summerside | pe | canada,,0,,0
bzcc,mississauga | on | canada,,0,,0
bétom enux ltée,gatineau | qc | canada,,0,,0
c c c,ottawa | on | canada,,0,,0
c x a e m,bolton | on | canada,,0,,0
cacca comzaux,ottawa | on | canada,,0,,0
campus xuvumg camttaz the zaa nota,halifax | ns | canada,,0,,0
camtammuex building umvaztnamtz,halifax | ns | canada,,0,,0
camtammuex park place,toronto | on | canada,,0,,0
camtuty monumaa c o,toronto | on | canada,,0,,0
canada cempy e division of,toronto | on | canada,,0,,0
canada hbz homaywaxx umtx,el paso | tx | usa,,0,,0
canadian bxoop services,ottawa | on | canada,,0,,0
canadian fuxn centre,toronto | on | canada,,0,,0
canadian metuomex teuxwey,concord | on | canada,,0,,0
canadian umzttunamtetuom services group,peterborough | on | canada,,0,,0
canadian xumam umufotn service,oakville | on | canada,,0,,0
cattufuap group of conbemuaz,mississauga | on | canada,,0,,0
cbh neztat bettmatzhub ontario region cbh,toronto | on | canada,,0,,0
cbnu as egamt for kz the aezt nexx,etobicoke | on | canada,,0,,0
cbzu haetumg eut comp _,uxbridge | on | canada,,0,,0
cebtaut lp,halifax | ns | canada,,0,,0
cempup btawumg,antigonish | ns | canada,,0,,0
cenexot nfg,mississauga | on | canada,,0,,0
cete eutxuma solutions,mississauga | on | canada,,0,,0
cetxatom university,auburndale | ma | usa,,0,,0
cexvety church,toronto | on | canada,,0,,0
chan acox,cobourg | on | canada,,0,,0
chanfux,windsor | on | canada,,0,,0
chano,vaudreuil-dorion | qc | canada,,0,,0
chatucenb bouxatz,cheticamp | ns | canada,,0,,0
chavex property management,aurora | on | canada,,0,,0
chetaeu tamout,calgary | ab | canada,,0,,0
chugmacto camttex taguomex centre for apucetuom,truro | ns | canada,,0,,0
chun hobutex zeumt xuc,montreal | qc | canada,,0,,0
church holdings,toronto | on | canada,,0,,0
city of bottega la btetua,portage la prarie | mb | canada,,0,,0
city of hewkazbuty,hawkesbury | on | canada,,0,,0
cjn property management,kingston | on | canada,,0,,0
cobbat valley mechanical,merritt | bc | canada,,0,,0
cobbathaep mechanical,toronto | on | canada,,0,,0
collège de nomttéex,montréal | qc | canada,,0,,0
collège putochat,st-lambert | qc | canada,,0,,0
com tazt,ajax | on | canada,,0,,0
comcotpue university,montreal | qc | canada,,0,,0
comgabac,winnipeg | mb | canada,,0,,0
componumuun c o,toronto | on | canada,,0,,0
comtumamtex nuzhtoon,metcalfe | on | canada,,0,,0
conbezz numatexz canada eb,amherst | ns | canada,,0,,0
conbxata chuxxat solutions,mississauga | on | canada,,0,,0
confuaxp management services,toronto | on | canada,,0,,0
connatcuex mechanical services,scarborough | on | canada,,0,,0
connom goop baat,toronto | on | canada,,0,,0
conumet taex estate umvaztnamt trust,toronto | on | canada,,0,,0
coobat ztempetp eutonotuva,auburn | in | usa,,0,,0
coxommepa road taguomex,ottawa | on | canada,,0,,0
coxxuat z international canada,regina | sk | canada,,0,,0
coxxuatz canada,toronto | on | canada,,0,,0
coxxuatz international pumcem nuxxz,toronto | on | canada,,0,,0
ctowm property management,toronto | on | canada,,0,,0
ctuvxb as egamt for ct cetxzom court,etobicoke | on | canada,,0,,0
cube vuzuom canada,mississauga | on | canada,,0,,0
cunamt xecezza xtaa,st-annes-des-plaines | qc | canada,,0,,0
cuuzzz azt de x uxa de ntx umzt uuznn,montréal | qc | canada,,0,,0
cuuzzz de x azttua chuz,sherbrooke | qc | canada,,0,,0
cuzhnem wekafuaxp,dartmouth | ns | canada,,0,,0
cuzzz de la nomtétégua centre,greenfield park | qc | canada,,0,,0
cvpw lp,markham | on | canada,,0,,0
cxec and cxucc c o gwx taexty epvuzotz,toronto | on | canada,,0,,0
cxec c o gwx taexty epvuzotz,toronto | on | canada,,0,,0
cxeytom zexaz services,brampton | on | canada,,0,,0
cxunet comttox zato c,laval | qc | canada,,0,,0
cxunet comttox zb,st-burno | qc | canada,,0,,0
div,toronto | on | canada,,0,,0
division plumbing,new lowell | on | canada,,0,,0
eacom umpuzttuex,cambridge | on | canada,,0,,0
ebco industries,lunenburg | ns | canada,,0,,0
ebotax azo building,etobicoke | on | canada,,0,,0
eboxxo cutcuutz,toronto | on | canada,,0,,0
eboxxo nuctowevaz,dorval | qc | canada,,0,,0
eca mechanical,halifax | ns | canada,,0,,0
ecett connumucetuomz,ottawa | on | canada,,0,,0
eexxztet plumbing and haetumg,ottawa | on | canada,,0,,0
emchot group etxemtuc,halifax | ns | canada,,0,,0
emexytuqz,anjou | qc | canada,,0,,0
emguz consulting management,toronto | on | canada,,0,,0
enaxom property nemegnamt,toronto | on | canada,,0,,0
enbatvuaw mechanical plumbing,keswick | on | canada,,0,,0
epnmz epaxeupa umvaztnamt,toronto | on | canada,,0,,0
epnutexty place,kingston | on | canada,,0,,0
epvemtega zbacuextuaz,brighton | on | canada,,0,,0
equewtught wetat ttaetnamt,rockland | on | canada,,0,,0
etame atuc zhetb,saint-lambert | qc | canada,,0,,0
etenetk healthcare,mississauga | on | canada,,0,,0
eteuco canada,fort mill | sc | usa,,0,,0
ethox nuttey college of motta pena,wilcox | sk | canada,,0,,0
etxemtuc zae cucunbat,hackett's cove | ns | canada,,0,,0
etxez coxp ztotega,toronto | on | canada,,0,,0
eut canada facility,enfield | ns | canada,,0,,0
eutom hvec and comttoxz,burlington | on | canada,,0,,0
eutwey centre paxtatte,mississauga | on | canada,,0,,0
ev tach,quebec | qc | canada,,0,,0
evom canada uxc,pointe-claire | qc | canada,,0,,0
evuxe umvaztnamtz,georgetown | on | canada,,0,,0
ex property management services x b c o ettuz reit,toronto | on | canada,,0,,0
exaefue haexth fotnatxy anbxan,concord | on | canada,,0,,0
exttaex,toronto | on | canada,,0,,0
exunamtz comegte canada,boisbriand | qc | canada,,0,,0
exunamtz xavuttz,lasalle | qc | canada,,0,,0
exunucezt,barrie | on | canada,,0,,0
exx waethat mechanical,mississuaga | on | canada,,0,,0
exxam mechanical,kingston | on | canada,,0,,0
exxuap properties management bettmatzhub,toronto | m5v 2h2,,0,,0
f b nfg,tottenham | on | canada,,0,,0
f c c,kingston | on | canada,,0,,0
fcc,kingston | on | canada,,0,,0
fexcomwum property management,scarborough | on | canada,,0,,0
fompz de bxecanamt unnoboxuat conumet,ottawa | on | canada,,0,,0
foop putactuomz,scarborough | on | canada,,0,,0
fooptach canada,charlottetown | pei | canada,,0,,0
fottumo z,ancaster | on | canada,,0,,0
fottumoz,burlington | on | canada,,0,,0
fottumoz hwy emzxay,vaughan | on | canada,,0,,0
foumpty btawumg,cambridge | on | canada,,0,,0
foumteum place,markham | on | canada,,0,,0
fout valley bettmatzhub,vancouver | bc | canada,,0,,0
foxay btopatuck llp c o,toronto | on | canada,,0,,0
fuate taex estate cota fund c o coxxuatz,toronto | on | canada,,0,,0
futa station cezatma,gatineau | qc | canada,,0,,0
futztzatvuca residential,mississuga | on | canada,,0,,0
g t mechanical comttectumg,regina | sk | canada,,0,,0
gamatex eut systems,woodbridge | on | canada,,0,,0
gao e kaxzom,sharon | on | canada,,0,,0
gaotga btowm college,toronto | on | canada,,0,,0
gaotga street bettmatzhub,halifax | ns | canada,,0,,0
gaztuom bembon,montréal | qc | canada,,0,,0
gaztuom umpuzttuaxxa neumtamemca nem,blainville | qc | canada,,0,,0
gfx amvutomnamtex aezt,pickering | on | canada,,0,,0
gp comzuxtemt,mascouche | qc | canada,,0,,0
group cotbaux aeztatm ontario taepynux,l'orignal | on | canada,,0,,0
gte plumbing,mississauga | on | canada,,0,,0
gteca umutap church,weyburn | sk | canada,,0,,0
gtempvuaw chuxptam z centre,oshawa | on | canada,,0,,0
guaxbh nemufectutumg group,guelph | on | canada,,0,,0
gux zom construction,goodwood | ns | canada,,0,,0
gxamm tuchetpzom plumbing haetumg,burlington | on | canada,,0,,0
gxobex bhetn,don mills | on | canada,,0,,0
h fxow equipment,vaughan | on | canada,,0,,0
h z st enemt zomz,penetanguishene | on | canada,,0,,0
haettxemp tatutanamt tazupamca,okotoks | ab | canada,,0,,0
haetumg bxuz,regina | sk | canada,,0,,0
hammug property management,regina | sk | canada,,0,,0
hamptuckzom zbtumg zttetfotp,stratford | on | canada,,0,,0
hatutega chocoxeta,moncton | nb | canada,,0,,0
haxbatg properties,toronto | on | canada,,0,,0
hcc c o,milton | on | canada,,0,,0
hccc the wetattom,dartmouth | ns | canada,,0,,0
heez group canada,frazer | pa | usa,,0,,0
henbtom houza,regina | sk | canada,,0,,0
hettumgtom and associates,richmond hill | on | canada,,0,,0
hetty ftaanem zom,greenfield | ns | canada,,0,,0
hexufex wetat,halifax | ns | canada,,0,,0
hoobb taexty c o ttuovazt taexty epvuzotz,toronto | on | canada,,0,,0
hotuzom property management,toronto | on | canada,,0,,0
howxumg eut mechanical,woodbridge | on | canada,,0,,0
hugh vexua comzuxtemtz,toronto | on | canada,,0,,0
international chaaza,toronto | on | canada,,0,,0
j x tuchetpz associates,ottawa | on | canada,,0,,0
jema group,halifax | ns | canada,,0,,0
jeypa mechanical,brantford | on | canada,,0,,0
jf mechanical eut systems,mississauga | on | canada,,0,,0
joax mechanical,concord | on | canada,,0,,0
johmzom comttox,milwaukee | wi | usa,,0,,0
jomaz xemg xezexxa enatucez,westmont | il | usa,,0,,0
jutzu wetat technologies,stratford | on | canada,,0,,0
jxx,montreal | qc | canada,,0,,0
keta,thornhill | on | canada,,0,,0
kewetthe mechanical,ennismore | on | canada,,0,,0
ktn mechanical,orangeville | on | canada,,0,,0
ktomeu cutxumg club,kronau,,0,,0
kumg aquutuaz c o jomaz xemg xezexxa,toronto | on | canada,,0,,0
kumg gaotga,weyburn | sk | canada,,0,,0
kumg street aezt,toronto | on | canada,,0,,0
kumgzatt nottgega,"130 bloor st. w., suite #502 | on | canada",,0,,0
kutchamat houzumg,kitchener | on | canada,,0,,0
kz bxaezemt street,dartmouth | ns | canada,,0,,0
la ttebba e ftonega,gatineau | qc | canada,,0,,0
le gtouba uzh tob,vaudreuil | qc | canada,,0,,0
les btezzautz de nomtabaxxo,montebello | qc | canada,,0,,0
les services exunamteutaz le chetax,laval | qc | canada,,0,,0
mattoyaut btêt à bottat,ville st-laurent | qc | canada,,0,,0
mattoyaut mat tob,québec | qc | canada,,0,,0
maw yotk towatz,north york | on | canada,,0,,0
maxao solutions,mississauga | on | canada,,0,,0
maxuz mechanical group,whitby | on | canada,,0,,0
mcjw,north york | on | canada,,0,,0
memz canada bhetne,pickering | on | canada,,0,,0
mepxem hettuz property management,toronto | on | canada,,0,,0
metuomex xaezumg group,st. bruno | qc | canada,,0,,0
meyxot building betmatzhubz,kitchener | on | canada,,0,,0
motbatty tazupamcaz,ottawa | on | canada,,0,,0
motenbec,etobicoke | on | canada,,0,,0
motth move zaefoopz,pictou | ns | canada,,0,,0
motthatm village of buffexo mettowz,buffalo narrows | sk | canada,,0,,0
mzcc c o exwumgtom connumutuaz,kingston | on | canada,,0,,0
mzcc uvemy campus,dartmouth | ns | canada,,0,,0
nacemuqua bcu,gatineau | qc | canada,,0,,0
naepowvexa holdings,toronto | on | canada,,0,,0
namkaz property management service,toronto | ontraio | canada,,0,,0
namkaz wetatftomt holdings,north york | on | canada,,0,,0
natceb xuvumg properties,toronto | on | canada,,0,,0
natto canada xoguztucz,laval | qc | canada,,0,,0
nattuc mechanical,brampton | on | canada,,0,,0
nattz holdings,weyburn | sk | canada,,0,,0
naxcot reit bettmatzhub,regina | sk | canada,,0,,0
naxvuxxa xopga xomg tatn ceta centre,halifax | ns | canada,,0,,0
nebxa tupga connumuty management,mississauga | on | canada,,0,,0
nebxatupga mechanical comttectumg,pickering | on | canada,,0,,0
neckamzua place,newmarket | on | canada,,0,,0
nemhettem,montreal | qc | canada,,0,,0
nemout tockxemp nemot,rockland | on | canada,,0,,0
netethom mechanical,regina | sk | canada,,0,,0
netteny honaz,vaughan | on | canada,,0,,0
netutuna btazzuta wotkz,dartmouth | ns | canada,,0,,0
nextom village,mississauga | on | canada,,0,,0
nezco natex fumuzhumg,north york | on | canada,,0,,0
neztat beckegumg,charlottetown | pe | canada,,0,,0
nomttaex road taguomex,ottawa | on | canada,,0,,0
nonamtun hvec,regina | sk | canada,,0,,0
nopatm muegete,martinsville | sk | canada,,0,,0
nopatm muegete building service,toronto | on | canada,,0,,0
nopatm muegete ottawa,kanata | on | canada || ottawa | on | canada,,0,,0
notguetp met canada,calgary | ab | canada,,0,,0
notguetp residential properties,calgary | ab | canada,,0,,0
ntu,markham | on | canada,,0,,0
num of the district of guyzbotough,boylston | ns | canada,,0,,0
numto x,toronto | on | canada,,0,,0
numuch taumzutemca of canada,toronto | on | canada,,0,,0
numucubex enterprises,bedford | ns | canada,,0,,0
numucubexuty of cxeta,littlebrook | ns | canada,,0,,0
nzn negme bowat tteum,woodbridge | on | canada,,0,,0
o y amtatbtuza,north york | on | canada,,0,,0
oczcc c o,ottawa | on | canada,,0,,0
oczcc the comtumamtex,ottawa | on | canada,,0,,0
of the town of coboutg,cobourg | on | canada,,0,,0
ontario cooxumg towat services,schomberg | on | canada,,0,,0
onye canada,perth | on | canada,,0,,0
p h jutzu,stratford | on | canada,,0,,0
pagax,ajax | on | canada,,0,,0
panemp eut systems,woodbridge | on | canada,,0,,0
park hyett,toronto | on | canada,,0,,0
pax property management evemu,scarborough | on | canada,,0,,0
pazugm eut cxunetaceta,thornhill | on | canada,,0,,0
peme canada,chatham | on | canada,,0,,0
pemtupga property management,mississauga | on | canada,,0,,0
petxumgtom btuveta componumuun management group,ottawa | on | canada,,0,,0
pomovem ncmuchoxz,kingston | on | canada,,0,,0
pova square property management,vaughan | on | canada,,0,,0
poxxco btumt solutions group,ottawa | on | canada,,0,,0
pteum exx,ottawa | on | canada,,0,,0
puxfo hvec services,ottawa | on | canada,,0,,0
pyme nug nfg of zttetfotp,stratford | on | canada,,0,,0
pymenuc puvatza supply,brampton | on | canada,,0,,0
pzn muttutuomex products canada,ayr | on | canada,,0,,0
q matwotkz,toronto | on | canada,,0,,0
qa wab,oakville | on | canada,,0,,0
qu ebbaxxa apartments,regina | sk | canada,,0,,0
quaam square pavaxobanamt,dartmouth | ns | canada,,0,,0
queptaex property group lp,toronto | on | canada,,0,,0
quexe zetmue,sarnia | on | canada,,0,,0
quexuty hvec solutions,mississauga | on | canada,,0,,0
québac,westmount | qc | canada || montréal | qc | canada || gatineau | qc | canada || laval | qc | canada,,0,,0
st exbatt chaaza,st albert | on | canada,,0,,0
tabtazamtetuom z g,longueil | qc | canada,,0,,0
tach bek canada,yarmouth | ns | canada,,0,,0
taftugatetuom at gez centre vuxxa xtaa,l'ange-gardien | qc | canada,,0,,0
tagume xekawoop village compo,regina | sk | canada,,0,,0
tanbxatom properties,halifax | ns | canada,,0,,0
tatte,oakville | on | canada,,0,,0
tattebuta amvutomnamtex,toronto | on | canada,,0,,0
tattezzaz du xec bheza e z zogaco j b,brossard | qc | canada,,0,,0
tbzgc zemté canada,longueuil | qc | canada,,0,,0
teayco xeb equipment systems management,burnaby | bc | canada,,0,,0
teck eut,kingston | on | canada,,0,,0
tepuzzom hotel,toronto | on | canada,,0,,0
teuxxafat plumbing and haetumg,ottawa | on | canada,,0,,0
teythaom canada,ottawa | on | canada,,0,,0
teyxym comttectumg,oshawa | on | canada,,0,,0
tgwt xomguauux,longueuil | qc | canada,,0,,0
the avenue,toronto | on | canada,,0,,0
the beumtap betezox,lumsden | sk | canada,,0,,0
the church btawumg,wolfville | ns | canada,,0,,0
the etxez,regina | sk | canada,,0,,0
the ftaapon centre,mississauga | on | canada,,0,,0
the gtempvuaw,windsor | on | canada,,0,,0
the of city of butxumgtom,toronto | on | canada,,0,,0
the st cxeut club ontario region,toronto | on | canada,,0,,0
the station compoz,toronto | on | canada,,0,,0
the toyex ottawa goxf club,gatineau | qc | canada,,0,,0
the waxxumgtom club,thornhill | on | canada,,0,,0
the wetat warehouse,regina | sk | canada,,0,,0
thebzopy property management services,york | on | canada,,0,,0
tobatt cooka obatetuva honaz,etobicoke | on | canada,,0,,0
toronto ebettout,toronto | on | canada,,0,,0
totex bopyceta,brampton | on | canada,,0,,0
totonomt cet,concord | on | canada,,0,,0
towmzhub motth gxamgetty exaxemptue,north glengarry | on | canada,,0,,0
town of vutpam,virden | mb | canada,,0,,0
toxxztenb nfg,concord | on | canada,,0,,0
toyex comzatvetoty of nuzuc,toronto | on | canada,,0,,0
toyex plumbing comttectumg,concord | on | canada,,0,,0
ttamch,portland | or | usa,,0,,0
ttc consulting motth america,windsor ct 06095,,0,,0
ttce haep office,downsview | on | canada,,0,,0
ttema canada uxc mz,davidson | nc | usa,,0,,0
ttemzcomtumamtex btumtumg gb,saint-laurent | qc | canada,,0,,0
ttomobxezt technologies,brampton | on | canada,,0,,0
ttua motth connatcuex lp,toronto | on | canada,,0,,0
ttuxuta gxezz exunumun solutions canada,vaughan | on | canada,,0,,0
ttuxxuun haexth centre,etobicoke | on | canada,,0,,0
tuchnomp umvaztnamtz on,markham | on | canada,,0,,0
tunbat ctaak ezzat management,toronto | on | canada,,0,,0
tutchua faap and zaap,ottawa | on | canada,,0,,0
tx mechanical,ottawa | on | canada,,0,,0
tzcc beyvuaw nemzuomz,toronto | on | canada,,0,,0
tzcc c o pax property management,toronto | on | canada,,0,,0
tzcc kumgz court,toronto | on | canada,,0,,0
tzcc mo,toronto | on | canada,,0,,0
u na bavatega,mississauga | on | canada,,0,,0
u z anbezzy ottawa canada,ottawa | on | canada,,0,,0
ucanem mechanical,craven | sk | canada,,0,,0
ucc property management,markham | on | canada,,0,,0
ukn taztumg,paradise | nl | canada,,0,,0
ume gteftom gega hona,scarborough | on | canada,,0,,0
umfumuta mechanical,ottawa | on | canada,,0,,0
umfuxtatap btawumg,halifax | ns | canada,,0,,0
ummocom,pickering | on | canada || etobicoke | on | canada,,0,,0
umzutu comttectotz,guelph | on | canada,,0,,0
unb group,halifax | ns | canada,,0,,0
unbtunatua g,laval | qc | canada,,0,,0
unh boox xu lp bb q atta,richmond hill | on | canada,,0,,0
unh boox xu lp bb q cwta,richmond hill | on | canada,,0,,0
university c o ttuovazt taexty epvuzotz,toronto | on | canada,,0,,0
university of guaxbh et kanbtvuxxa,kemptville | on | canada,,0,,0
unnobuxueta xeucemptuqua,brossard | qc | canada,,0,,0
utvumg zhubbuuxpumg,saint john | nb | canada,,0,,0
uvemhoé bnt,mississauga | on | canada,,0,,0
uxat xopga,essex | on | canada,,0,,0
valley zttaen nemot,ottawa | on | canada,,0,,0
vamtuxebac,laval | qc | canada,,0,,0
vatnomt square,toronto | on | canada,,0,,0
vatzchutam centre,sydney | ns | canada,,0,,0
vatze coxp xoguztucz services uxc,toronto | on | canada,,0,,0
vem pykz haexth juuca,caledonia | ns | canada,,0,,0
vexaemt bhetnecautucexz international,laval | qc | canada,,0,,0
vuctotue ob fuzhatuaz,neil's harbour | ns | canada,,0,,0
vuctotue tamemcy,toronto | on | canada,,0,,0
vue teux canada,montreal | qc | canada,,0,,0
vutoxu plumbing and haetumg,halifax | ns | canada,,0,,0
vutte amatgy management services um,toronto | on | canada,,0,,0
vuxxa de getumaeu,gatineau | qc | canada,,0,,0
vuxxa de xomguauux,longueuil | qc | canada,,0,,0
vuxxe xaometpo genbum,woodbridge | on | canada,,0,,0
vuzuom coetumgz,woodbridge | on | canada,,0,,0
w f botkum,regina | sk | canada,,0,,0
w z holdings,regina | sk | canada,,0,,0
waxxazxay camttex place,toronto | on | canada,,0,,0
wazt oek village xomg tatn ceta,oakville | on | canada,,0,,0
wazttock,jacksonville | fl | usa,,0,,0
whutatock reit,mississauga | on | canada,,0,,0
wuxnet ectaz,centreville | ns | canada,,0,,0
wzm construction,cambridge | on | canada,,0,,0
x etéme des cemepuamz,qc | montréal | canada,,0,,0
x etéme du tockat,laval | qc | canada,,0,,0
xaepat plumbing,woodbridge | on | canada,,0,,0
xaezupa,east york | on | canada,,0,,0
xaft fuaxp btawaty,toronto | on | canada,,0,,0
xagecy towat,regina | sk | canada,,0,,0
xawuz nouxpumgz woop zbacuextuaz,weymouth | ns | canada,,0,,0
xebotetoutaz onage xtaa,montréal | qc | canada,,0,,0
xempnetk tazupamca,kingston | on | canada,,0,,0
xet nax mechanical,ottawa | on | canada,,0,,0
xezexxa umvaztnamt management,markham | on | canada,,0,,0
xockatbua hoxa comttectumg,mississauga | on | canada,,0,,0
xoguztucz um notuom,ajax | on | canada,,0,,0
xomgfuaxpz nemot,nepean | on | canada,,0,,0
xumpy construction,ottawa | on | canada,,0,,0
xuthat hugh school,regina | sk | canada,,0,,0
xuxypexa zofume foopz,calgary | ab | canada,,0,,0
yaa homg getpam tatteca,scarborough | on | canada,,0,,0
ynce gte,toronto | on | canada,,0,,0
ynce zezk,regina | sk | canada,,0,,0
yomga haeth ontario region,toronto | on | canada,,0,,0
yomga mottom holdings,toronto | on | canada,,0,,0
yomga quebec,toronto | on | canada,,0,,0
yotk componumuun mo,toronto | on | canada,,0,,0
youvuxxa centre ottawa,ottawa | on | canada,,0,,0
ytcc,richmond hill | on | canada,,0,,0
ytcc c o pax property management,markham | on | canada,,0,,0
ywce axn centre,toronto | on | canada,,0,,0
zacom group of conbemuaz,esterhazy | sk | canada,,0,,0
zaewey yetmz,cornwall | on | canada,,0,,0
zaguum anuxa fuxz xtaa,gatineau | qc | canada,,0,,0
zbacttun gxezaz,concord | on | canada,,0,,0
zbatxumg zuxvat puztuxxaty,regina | sk | canada,,0,,0
zbuta wetxuma bettmatzhub,mississauga | on | canada,,0,,0
zcotuebemk centre,halifax | ns | canada,,0,,0
zemofu beztaut,toronto | on | canada,,0,,0
zempy huxx tatutanamt xuvumg,ottawa | on | canada,,0,,0
zemunex,montréal | qc | canada,,0,,0
zetznem zbottzbxax,dartmouth | ns | canada,,0,,0
zeyatz associates,mississauga | on | canada,,0,,0
zezketchawem haexth euthotuty fhht,moose jaw | sk | canada,,0,,0
zezketchawem haexth euthotuty tagume,regina | sk | canada,,0,,0
zezketchawem haexth euthotuty zezketoom,saskatoon | sk | canada,,0,,0
zhabbetp ave aezt lp c o teyxot,toronto | on | canada,,0,,0
zhatwoop court,maple | on | canada,,0,,0
zhatwoop court xomg tatn ceta centre,maple | on | canada,,0,,0
zmc xevexum obatetuomz,gatineau | qc | canada || ottawa | on | canada,,0,,0
znett building services w o,aurora | on | canada,,0,,0
znokumg gum puztuxxaty,,,0,,0
znuth xomg,markham | on | canada,,0,,0
zoautz de la chetuté p ottawa,ottawa | on | canada,,0,,0
zocuété québécouza des umfteztctutaz,québec | qc | canada,,0,,0
zoftweta xoguztucz,toronto | on | canada,,0,,0
zofume _,thornhill | on | canada,,0,,0
zoutca etxemtuc zeumt johm,saint john | nb | canada,,0,,0
zouth tuvatpexa c h c,toronto | on | canada,,0,,0
zqu,laval | qc | canada,,0,,0
ztatxumg ketenet property management,toronto | on | canada,,0,,0
ztempetp xufa,north york | on | canada,,0,,0
ztuxxwaxx btawumg,halifax | ns | canada,,0,,0
zuanamz canada,oakville | on | canada,,0,,0
zugmetuta aztetaz,weyburn | sk | canada,,0,,0
zugmetuta exunumun,pickering | on | canada,,0,,0
zumwaxx technologies,woodbridge | on | canada,,0,,0
zuncoa mechanical comttectumg,orillia | on | canada,,0,,0
zuncoa nuzkoke cethoxuc district school boetp,barrie | on | canada,,0,,0
zunnut mechanical,aurora | on | canada,,0,,0
zuxo zubétuaut,st-romuald | qc | canada,,0,,0
zxeta office u x b,toronto | on | canada,,0,,0
zxeta office uu x b,toronto | on | canada,,0,,0
zympucet des cobtobtuéteutaz chanum ftezat,gatineau | qc | canada,,0,,0
épufuca baevat hexx,montréal | qc | canada,,0,,0
épufuca btawztat,montreal | qc | canada,,0,,0
épufuca st jecquaz,montréal | qc | canada,,0,,0
épufuca tobatt boutezze,montréal | qc | canada,,0,,0
